,dataset,f1_score
0,pun_of_the_day,0.6019417475728156
1,one_liners,0.6687506737091733
2,reddit_jokes_last_laught,0.6688668866886689
3,short_jokes,0.6810467339786754
4,funlines_v1,0.08705357142857142
5,human_microedit_v1,0.11036174126302882
6,funlines_v2,0.07983193277310925
7,human_microedit_v2,0.0920096852300242
8,unfun_me,0.08118081180811808
9,semeval_2021_task_7,0.7746478873239437
10,semeval_2017_task_7,0.8216939078751856
11,the_naughtyformer,0.9574574442895104
